{"mape": 12.273664470724773, "mae": 0.909544746170999, "mse": 5.1793722125736315, "r2": -131.86417110456418}