{"mape": 0.4972479387886728, "mae": 0.20996753437056642, "mse": 0.1442737201159123, "r2": -5.2786700626974365}