{"mape": 24.94517755045731, "mae": 1.1564554604032498, "mse": 11.75522813412273, "r2": -226.5586727592756}