{"mape": 0.0946219766903898, "mae": 0.045520768515372255, "mse": 0.0032817350316951496, "r2": -0.017190586827559917}