{"mape": 0.06708581289776834, "mae": 0.0312765849272537, "mse": 0.0020948231912900914, "r2": 0.9115356440528494}