,precision,recall,f1-score,support
0,0.8974358974358975,0.813953488372093,0.8536585365853658,43.0
1,0.8571428571428571,0.9230769230769231,0.8888888888888888,52.0
accuracy,0.8736842105263158,0.8736842105263158,0.8736842105263158,0.8736842105263158
macro avg,0.8772893772893773,0.868515205724508,0.8712737127371273,95.0
weighted avg,0.8753807595912859,0.8736842105263158,0.8729425188988731,95.0
