,precision,recall,f1-score,support
0,0.7333333333333333,0.1746031746031746,0.28205128205128205,63.0
1,0.48,0.9230769230769231,0.631578947368421,52.0
accuracy,0.5130434782608696,0.5130434782608696,0.5130434782608696,0.5130434782608696
macro avg,0.6066666666666667,0.5488400488400489,0.45681511470985153,115.0
weighted avg,0.6187826086956522,0.5130434782608696,0.440098574194684,115.0
