,precision,recall,f1-score,support
0,0.7307692307692307,0.30158730158730157,0.42696629213483145,63.0
1,0.3125,0.7407407407407407,0.43956043956043955,27.0
accuracy,0.43333333333333335,0.43333333333333335,0.43333333333333335,0.43333333333333335
macro avg,0.5216346153846154,0.5211640211640212,0.4332633658476355,90.0
weighted avg,0.6052884615384615,0.43333333333333335,0.43074453636251386,90.0
