,precision,recall,f1-score,support
0,0.75,0.38095238095238093,0.5052631578947369,63.0
1,0.3275862068965517,0.7037037037037037,0.4470588235294118,27.0
accuracy,0.4777777777777778,0.4777777777777778,0.4777777777777778,0.4777777777777778
macro avg,0.5387931034482758,0.5423280423280423,0.4761609907120743,90.0
weighted avg,0.6232758620689656,0.4777777777777778,0.48780185758513933,90.0
