,precision,recall,f1-score,support
0,0.8372093023255814,0.8372093023255814,0.8372093023255814,43.0
1,0.7407407407407407,0.7407407407407407,0.7407407407407407,27.0
accuracy,0.8,0.8,0.8,0.8
macro avg,0.788975021533161,0.788975021533161,0.788975021533161,70.0
weighted avg,0.8,0.8,0.8,70.0
