,precision,recall,f1-score,support
0,0.7931034482758621,0.4339622641509434,0.5609756097560976,106.0
1,0.5275590551181102,0.8481012658227848,0.6504854368932039,79.0
accuracy,0.6108108108108108,0.6108108108108108,0.6108108108108108,0.6108108108108108
macro avg,0.6603312516969861,0.6410317649868641,0.6057305233246508,185.0
weighted avg,0.6797088155220113,0.6108108108108108,0.5991987251281593,185.0
