,precision,recall,f1-score,support
0,0.95,0.30158730158730157,0.4578313253012048,63.0
1,0.5368421052631579,0.9807692307692307,0.6938775510204082,52.0
accuracy,0.6086956521739131,0.6086956521739131,0.6086956521739131,0.6086956521739131
macro avg,0.743421052631579,0.6411782661782661,0.5758544381608065,115.0
weighted avg,0.7631807780320365,0.6086956521739131,0.564565270843801,115.0
