,precision,recall,f1-score,support
0,0.972972972972973,0.8372093023255814,0.9,43.0
1,0.8793103448275862,0.9807692307692307,0.9272727272727272,52.0
accuracy,0.9157894736842105,0.9157894736842105,0.9157894736842105,0.9157894736842105
macro avg,0.9261416589002796,0.9089892665474061,0.9136363636363636,95.0
weighted avg,0.9217050080933928,0.9157894736842105,0.9149282296650718,95.0
