,precision,recall,f1-score,support
0,0.84,0.9767441860465116,0.9032258064516129,43.0
1,0.95,0.7037037037037037,0.8085106382978723,27.0
accuracy,0.8714285714285714,0.8714285714285714,0.8714285714285714,0.8714285714285714
macro avg,0.895,0.8402239448751077,0.8558682223747426,70.0
weighted avg,0.8824285714285713,0.8714285714285714,0.8666928130208843,70.0
