,precision,recall,f1-score,support
0,0.873015873015873,0.5188679245283019,0.650887573964497,106.0
1,0.5819672131147541,0.8987341772151899,0.7064676616915423,79.0
accuracy,0.6810810810810811,0.6810810810810811,0.6810810810810811,0.6810810810810811
macro avg,0.7274915430653135,0.7088010508717459,0.6786776178280196,185.0
weighted avg,0.7487302290580979,0.6810810810810811,0.6746217735884785,185.0
